run,mean_accuracy
0,0.0
1,0.5826596352088437
2,0.49844835869110793
3,0.43315565966210046
4,0.540849334388477
5,0.3992004222894923
6,0.5753150378810257
7,0.548615703374411
8,0.5585829260753011
9,0.7021510991498736
10,0.6245578115958916
