run,mean_accuracy
0,0.0
1,0.7620968177475219
2,0.5650472349255303
3,0.7220533863154986
4,0.7913965379871736
5,0.5247918165891269
6,0.6048589875434214
7,0.7570440114919551
8,0.7125036474207586
9,0.8353972412313618
10,0.7733416149620691
