"metric";"KW_chi2";"df";"p.value"
"H0";19.9399101352131;38;0.99302400155119
"H1";110.667757108363;38;5.03504013477489e-09
"H2";75.7966673237079;38;0.000258817256634022
