model_name,epoch_number,mean_accuracy
V6_shuffle,500,0.7102128919529144
V6_sorted,500,0.3811515849117942
V6_shuffle,500,0.7631253845451182
V6_sorted,500,0.5750145957647599
