"metric";"KW_chi2";"df";"p.value"
"H0";0.53226907186072;2;0.766336020835867
"H1";0.928760330578484;2;0.628524565819022
"H2";0.259876033057878;2;0.878149860010127
